Station_Code,isSWMP,m/d/y hh:mm,Collection Method See Legend,Replicate See Legend,See Legend, See Legend,See Legend,mg/L,Flag Code,mg/L,Flag Code,mg/L,Flag Code,mg/L,Flag Code,mg/L,Flag Code,ug/L,Flag Code
********LEGEND FOR FIELD NAMES LOCATED AT BOTTOM OF FILE************
"Station_Code","isSWMP","DateTimeStamp","CollMethd","REP","Historical","ProvisionalPlus","F_Record","PO4F","F_PO4F","NH4F","F_NH4F","NO2F","F_NO2F","NO3F","F_NO3F","NO23F","F_NO23F","CHLA_N","F_CHLA_N",
wqbmhnut,P,01/19/2021 09:29,2         ,1         ,0,1,,0.008,<0>  ,0.008,<0>  ,,,,,0.021,<0>  ,2.6,<0>  ,
wqbmhnut,P,01/19/2021 11:44,2         ,1         ,0,1,,0.012,<0>  ,0.009,<0>  ,,,,,0.002,<0>  ,2.1,<0>  ,
wqbmhnut,P,01/19/2021 13:59,2         ,1         ,0,1,,0.013,<0>  ,0.009,<0>  ,,,,,0.0,<0>  ,1.9,<0>  ,
wqbmhnut,P,01/19/2021 16:14,2         ,1         ,0,1,,0.014,<0>  ,0.008,<0>  ,,,,,0.006,<0>  ,1.9,<0>  ,
wqbmhnut,P,01/19/2021 18:29,2         ,1         ,0,1,,0.012,<0>  ,0.008,<0>  ,,,,,0.002,<0>  ,1.8,<0>  ,
wqbmhnut,P,01/19/2021 20:44,2         ,1         ,0,1,,0.012,<0>  ,0.006,<0>  ,,,,,0.003,<0>  ,1.7,<0>  ,
wqbmhnut,P,01/19/2021 22:59,2         ,1         ,0,1,,0.006,<0>  ,0.011,<0>  ,,,,,0.015,<0>  ,1.9,<0>  ,
wqbmhnut,P,01/20/2021 01:14,2         ,1         ,0,1,,0.011,<0>  ,0.013,<0>  ,,,,,0.001,<0>  ,1.8,<0>  ,
wqbmhnut,P,01/20/2021 03:29,2         ,1         ,0,1,,0.013,<0>  ,0.011,<0>  ,,,,,0.004,<0>  ,2.1,<0>  ,
wqbmhnut,P,01/20/2021 05:44,2         ,1         ,0,1,,0.012,<0>  ,0.015,<0>  ,,,,,0.004,<0>  ,1.9,<0>  ,
wqbmhnut,P,01/20/2021 07:59,2         ,1         ,0,1,,0.012,<0>  ,0.008,<0>  ,,,,,0.0,<0>  ,1.9,<0>  ,
wqbmhnut,P,01/20/2021 10:14,2         ,1         ,0,1,,0.011,<0>  ,0.008,<0>  ,,,,,0.002,<0>  ,1.9,<0>  ,
wqbmhnut,P,01/20/2021 10:31,1         ,1         ,0,1,,0.01,<0>  ,0.011,<1>  [SRD],,,,,0.012,<1>  [SRD],1.3,<0>  ,
wqbmhnut,P,01/20/2021 12:00,1         ,2         ,0,1,,0.011,<0>  ,0.009,<1>  [SRD],,,,,0.008,<1>  [SRD],1.9,<0>  ,
wqbmhnut,P,02/16/2021 13:05,2         ,1         ,0,1,,0.003,<0>  ,0.012,<0>  ,,,,,0.0,<0>  ,4.5,<0>  ,
wqbmhnut,P,02/16/2021 15:20,2         ,1         ,0,1,,0.004,<0>  ,0.008,<0>  ,,,,,0.0,<0>  ,4.8,<0>  ,
wqbmhnut,P,02/16/2021 17:35,2         ,1         ,0,1,,0.003,<0>  ,0.004,<0>  ,,,,,0.0,<0>  ,3.5,<0>  ,
wqbmhnut,P,02/16/2021 19:50,2         ,1         ,0,1,,0.003,<0>  ,0.005,<0>  ,,,,,0.0,<0>  ,3.6,<0>  ,
wqbmhnut,P,02/16/2021 22:05,2         ,1         ,0,1,,0.003,<0>  ,0.007,<0>  ,,,,,0.0,<0>  ,3.7,<0>  ,
wqbmhnut,P,02/17/2021 00:20,2         ,1         ,0,1,,0.005,<0>  ,0.006,<0>  ,,,,,0.0,<0>  ,4.1,<0>  ,
wqbmhnut,P,02/17/2021 02:35,2         ,1         ,0,1,,0.004,<0>  ,0.006,<0>  ,,,,,0.0,<0>  ,3.6,<0>  ,
wqbmhnut,P,02/17/2021 04:50,2         ,1         ,0,1,,0.005,<0>  ,0.001,<0>  ,,,,,0.0,<0>  ,4.1,<0>  ,
wqbmhnut,P,02/17/2021 07:05,2         ,1         ,0,1,,0.004,<0>  ,0.004,<0>  ,,,,,0.0,<0>  ,4.2,<0>  ,
wqbmhnut,P,02/17/2021 09:20,2         ,1         ,0,1,,0.003,<0>  ,0.006,<0>  ,,,,,0.004,<0>  ,3.6,<0>  ,
wqbmhnut,P,02/17/2021 11:35,2         ,1         ,0,1,,0.005,<0>  ,0.004,<0>  ,,,,,0.0,<0>  ,4.6,<0>  ,
wqbmhnut,P,02/17/2021 13:50,2         ,1         ,0,1,,0.005,<0>  ,0.004,<0>  ,,,,,0.0,<0>  ,4.1,<0>  ,
wqbmhnut,P,02/17/2021 14:06,1         ,1         ,0,1,,0.006,<1>  [GQS] (CLE),0.006,<1>  [GQS] (CLE),,,,,0.0,<1>  [GQS] (CLE),3.5,<1>  [GQS] (CLE),
wqbmhnut,P,02/17/2021 14:11,1         ,2         ,0,1,,0.005,<1>  [GQS] (CLE),0.006,<1>  [GQS] (CLE),,,,,0.001,<1>  [GQS] (CLE),4.0,<1>  [GQS] (CLE),
wqbmhnut,P,03/16/2021 08:22,2         ,1         ,0,1,,0.003,<0>  ,0.001,<0>  ,,,,,0.009,<0>  ,1.7,<0>  ,
wqbmhnut,P,03/16/2021 10:37,2         ,1         ,0,1,,0.003,<0>  ,0.001,<0>  ,,,,,0.004,<0>  ,1.3,<0>  ,
wqbmhnut,P,03/16/2021 12:52,2         ,1         ,0,1,,0.003,<0>  ,0.001,<0>  ,,,,,0.002,<0>  ,1.6,<0>  ,
wqbmhnut,P,03/16/2021 15:07,2         ,1         ,0,1,,0.003,<0>  ,0.001,<0>  ,,,,,0.004,<0>  ,1.4,<0>  ,
wqbmhnut,P,03/16/2021 17:22,2         ,1         ,0,1,,0.003,<0>  ,0.001,<0>  ,,,,,0.002,<0>  ,1.4,<0>  ,
wqbmhnut,P,03/16/2021 19:37,2         ,1         ,0,1,,0.003,<0>  ,0.001,<0>  ,,,,,0.004,<0>  ,1.5,<0>  ,
wqbmhnut,P,03/16/2021 21:52,2         ,1         ,0,1,,0.003,<0>  ,0.001,<0>  ,,,,,0.01,<0>  ,1.7,<0>  ,
wqbmhnut,P,03/17/2021 00:07,2         ,1         ,0,1,,0.003,<0>  ,0.001,<0>  ,,,,,0.012,<0>  ,2.9,<0>  ,
wqbmhnut,P,03/17/2021 02:22,2         ,1         ,0,1,,0.003,<0>  ,0.001,<0>  ,,,,,0.003,<0>  ,1.6,<0>  ,
wqbmhnut,P,03/17/2021 04:37,2         ,1         ,0,1,,0.003,<0>  ,0.001,<0>  ,,,,,0.005,<0>  ,1.8,<0>  ,
wqbmhnut,P,03/17/2021 06:52,2         ,1         ,0,1,,0.003,<0>  ,0.001,<0>  ,,,,,0.006,<0>  ,1.3,<0>  ,
wqbmhnut,P,03/17/2021 08:01,1         ,1         ,0,1,,0.003,<0>  ,0.002,<0>  ,,,,,0.008,<1>  [SRD],1.2,<0>  ,
wqbmhnut,P,03/17/2021 08:06,1         ,2         ,0,1,,0.003,<0>  ,0.001,<0>  ,,,,,0.011,<1>  [SRD],1.2,<0>  ,
wqbmhnut,P,03/17/2021 09:07,2         ,1         ,0,1,,0.003,<0>  ,0.001,<0>  ,,,,,0.01,<0>  ,1.5,<0>  ,
wqbmhnut,P,04/20/2021 10:03,1         ,1         ,0,1,,0.003,<0>  ,0.001,<0>  ,,,,,0.007,<1>  [SRD],1.6,<0>  ,
wqbmhnut,P,04/20/2021 10:08,1         ,2         ,0,1,,0.003,<0>  ,0.001,<0>  ,,,,,0.004,<1>  [SRD],1.4,<0>  ,
wqbmhnut,P,04/26/2021 11:31,2         ,1         ,0,1,,0.008,<0>  ,0.003,<0>  ,,,,,0.005,<0>  ,1.7,<0>  ,
wqbmhnut,P,04/26/2021 13:46,2         ,1         ,0,1,,0.009,<0>  ,0.001,<0>  ,,,,,0.004,<0>  ,1.8,<0>  ,
wqbmhnut,P,04/26/2021 16:01,2         ,1         ,0,1,,0.008,<0>  [GSM],0.001,<0>  [GSM],,,,,0.011,<0>  [GSM],14.2,<0>  [GSM],
wqbmhnut,P,04/26/2021 18:16,2         ,1         ,0,1,,0.009,<0>  ,0.002,<0>  ,,,,,0.003,<0>  ,1.9,<0>  ,
wqbmhnut,P,04/26/2021 20:31,2         ,1         ,0,1,,0.01,<0>  ,0.001,<0>  ,,,,,0.002,<0>  ,1.5,<0>  ,
wqbmhnut,P,04/26/2021 22:46,2         ,1         ,0,1,,0.009,<0>  ,0.002,<0>  ,,,,,0.002,<0>  ,1.6,<0>  ,
wqbmhnut,P,04/27/2021 01:01,2         ,1         ,0,1,,0.007,<0>  ,0.001,<0>  ,,,,,0.002,<0>  ,1.6,<0>  ,
wqbmhnut,P,04/27/2021 03:16,2         ,1         ,0,1,,0.007,<0>  ,0.001,<0>  ,,,,,0.015,<0>  ,1.6,<0>  ,
wqbmhnut,P,04/27/2021 05:31,2         ,1         ,0,1,,0.007,<0>  ,0.004,<0>  ,,,,,0.012,<0>  ,3.2,<0>  ,
wqbmhnut,P,04/27/2021 07:46,2         ,1         ,0,1,,0.007,<0>  ,0.001,<0>  ,,,,,0.004,<0>  ,0.13,<-4>  [SBL],
wqbmhnut,P,04/27/2021 10:01,2         ,1         ,0,1,,0.009,<0>  ,0.002,<0>  ,,,,,0.003,<0>  ,7.5,<0>  ,
wqbmhnut,P,04/27/2021 12:16,2         ,1         ,0,1,,0.009,<0>  ,0.001,<0>  ,,,,,0.003,<0>  ,3.1,<0>  ,
wqbmhnut,P,05/17/2021 08:25,2         ,1         ,0,1,,0.009,<0>  ,0.014,<0>  ,,,,,0.01,<0>  ,1.7,<0>  ,
wqbmhnut,P,05/17/2021 08:32,1         ,1         ,0,1,,0.01,<0>  ,0.004,<1>  [SRD],,,,,0.02,<1>  [SRD],2.0,<0>  ,
wqbmhnut,P,05/17/2021 08:35,1         ,2         ,0,1,,0.01,<0>  ,0.001,<1>  [SRD],,,,,0.017,<1>  [SRD],2.0,<0>  ,
wqbmhnut,P,05/17/2021 10:40,2         ,1         ,0,1,,0.007,<0>  ,0.001,<0>  ,,,,,0.01,<0>  ,2.6,<0>  ,
wqbmhnut,P,05/17/2021 12:55,2         ,1         ,0,1,,0.006,<0>  ,0.001,<0>  ,,,,,0.004,<0>  ,2.3,<0>  ,
wqbmhnut,P,05/17/2021 15:10,2         ,1         ,0,1,,0.005,<0>  ,0.001,<0>  ,,,,,0.006,<0>  ,2.1,<0>  ,
wqbmhnut,P,05/17/2021 17:25,2         ,1         ,0,1,,0.005,<0>  [GSM],0.001,<0>  [GSM],,,,,0.004,<0>  [GSM],3.7,<0>  [GSM],
wqbmhnut,P,05/17/2021 19:40,2         ,1         ,0,1,,0.005,<0>  ,0.001,<0>  ,,,,,0.001,<0>  ,2.2,<0>  ,
wqbmhnut,P,05/17/2021 21:55,2         ,1         ,0,1,,0.006,<0>  ,0.001,<0>  ,,,,,0.002,<0>  ,2.2,<0>  ,
wqbmhnut,P,05/18/2021 00:10,2         ,1         ,0,1,,0.007,<0>  ,0.001,<0>  ,,,,,0.002,<0>  ,2.0,<0>  ,
wqbmhnut,P,05/18/2021 02:25,2         ,1         ,0,1,,0.006,<0>  ,0.001,<0>  ,,,,,0.001,<0>  ,1.8,<0>  ,
wqbmhnut,P,05/18/2021 04:40,2         ,1         ,0,1,,0.006,<0>  ,0.001,<0>  ,,,,,0.005,<0>  ,1.9,<0>  ,
wqbmhnut,P,05/18/2021 06:55,2         ,1         ,0,1,,0.006,<0>  [GSM],0.001,<0>  [GSM],,,,,0.003,<1>  [GSM],10.1,<0>  [GSM],
wqbmhnut,P,05/18/2021 09:10,2         ,1         ,0,1,,0.01,<0>  ,0.001,<0>  ,,,,,0.009,<0>  ,2.4,<0>  ,
wqbmhnut,P,06/15/2021 07:25,2         ,1         ,0,1,,0.008,<0>  ,0.014,<0>  ,,,,,0.015,<0>  ,2.8,<0>  ,
wqbmhnut,P,06/15/2021 08:40,2         ,1         ,0,1,,0.003,<0>  ,0.011,<0>  ,,,,,0.012,<0>  ,6.7,<0>  ,
wqbmhnut,P,06/15/2021 11:55,2         ,1         ,0,1,,0.005,<0>  ,0.015,<0>  ,,,,,0.0,<0>  ,4.4,<0>  ,
wqbmhnut,P,06/15/2021 14:10,2         ,1         ,0,1,,0.005,<0>  ,0.006,<0>  ,,,,,0.013,<0>  ,3.9,<0>  ,
wqbmhnut,P,06/15/2021 16:25,2         ,1         ,0,1,,0.005,<0>  ,0.007,<0>  ,,,,,0.003,<0>  ,3.7,<0>  ,
wqbmhnut,P,06/15/2021 18:40,2         ,1         ,0,1,,0.004,<0>  ,0.007,<0>  ,,,,,0.002,<0>  ,4.6,<0>  ,
wqbmhnut,P,06/15/2021 20:55,2         ,1         ,0,1,,0.007,<0>  ,0.011,<0>  ,,,,,0.004,<0>  ,3.8,<0>  ,
wqbmhnut,P,06/15/2021 23:10,2         ,1         ,0,1,,0.008,<0>  ,0.007,<0>  ,,,,,0.002,<0>  ,3.2,<0>  ,
wqbmhnut,P,06/16/2021 01:25,2         ,1         ,0,1,,0.008,<0>  ,0.007,<0>  ,,,,,0.001,<0>  ,2.8,<0>  ,
wqbmhnut,P,06/16/2021 03:40,2         ,1         ,0,1,,0.008,<0>  ,0.007,<0>  ,,,,,0.002,<0>  ,3.0,<0>  ,
wqbmhnut,P,06/16/2021 05:55,2         ,1         ,0,1,,0.008,<0>  ,0.01,<0>  ,,,,,0.004,<0>  ,3.3,<0>  ,
wqbmhnut,P,06/16/2021 08:10,2         ,1         ,0,1,,0.007,<0>  ,0.01,<0>  ,,,,,0.008,<0>  ,4.2,<0>  ,
wqbmhnut,P,06/16/2021 08:53,1         ,1         ,0,1,,0.005,<0>  ,0.008,<1>  [SRD],,,,,0.012,<1>  [SRD],4.9,<0>  ,
wqbmhnut,P,06/16/2021 08:57,1         ,2         ,0,1,,0.005,<0>  ,0.012,<1>  [SRD],,,,,0.016,<1>  [SRD],5.1,<0>  ,
wqbmhnut,P,07/13/2021 06:00,2         ,1         ,0,1,,0.009,<0>  ,0.01,<0>  ,,,,,0.015,<0>  ,5.8,<0>  ,
wqbmhnut,P,07/13/2021 08:15,2         ,1         ,0,1,,0.005,<0>  ,0.016,<0>  ,,,,,0.019,<0>  ,9.2,<0>  ,
wqbmhnut,P,07/13/2021 10:30,2         ,1         ,0,1,,0.009,<0>  ,0.001,<0>  ,,,,,0.002,<0>  ,5.8,<0>  ,
wqbmhnut,P,07/13/2021 12:45,2         ,1         ,0,1,,0.077,<0>  ,0.029,<0>  ,,,,,0.01,<0>  ,5.1,<0>  ,
wqbmhnut,P,07/13/2021 15:00,2         ,1         ,0,1,,0.007,<0>  ,0.034,<0>  ,,,,,0.002,<0>  ,6.2,<0>  ,
wqbmhnut,P,07/13/2021 17:15,2         ,1         ,0,1,,0.009,<0>  ,0.04,<0>  ,,,,,0.008,<0>  ,5.5,<0>  ,
wqbmhnut,P,07/13/2021 19:30,2         ,1         ,0,1,,0.004,<0>  ,0.041,<0>  ,,,,,0.008,<0>  ,9.2,<0>  ,
wqbmhnut,P,07/13/2021 21:45,2         ,1         ,0,1,,0.009,<0>  ,0.04,<0>  ,,,,,0.002,<0>  ,5.9,<0>  ,
wqbmhnut,P,07/14/2021 00:00,2         ,1         ,0,1,,0.011,<0>  ,0.041,<0>  ,,,,,0.003,<0>  ,4.8,<0>  ,
wqbmhnut,P,07/14/2021 02:15,2         ,1         ,0,1,,0.011,<0>  ,0.041,<0>  ,,,,,0.003,<0>  ,4.8,<0>  ,
wqbmhnut,P,07/14/2021 04:30,2         ,1         ,0,1,,0.012,<0>  ,0.04,<0>  ,,,,,0.002,<0>  ,5.0,<0>  ,
wqbmhnut,P,07/14/2021 06:45,2         ,1         ,0,1,,0.012,<0>  ,0.03,<0>  ,,,,,0.011,<0>  ,5.7,<0>  ,
wqbmhnut,P,07/14/2021 07:24,1         ,1         ,0,1,,0.005,<1>  [SRD],0.036,<0>  ,,,,,0.002,<1>  [SRD],8.2,<0>  ,
wqbmhnut,P,07/14/2021 07:29,1         ,2         ,0,1,,0.007,<1>  [SRD],0.036,<0>  ,,,,,0.008,<1>  [SRD],5.3,<0>  ,
wqbmhnut,P,08/16/2021 08:53,2         ,1         ,0,1,,0.017,<0>  ,0.017,<0>  ,,,,,0.004,<0>  ,3.4,<0>  ,
wqbmhnut,P,08/16/2021 11:08,2         ,1         ,0,1,,0.012,<0>  ,0.001,<0>  ,,,,,0.003,<0>  ,6.1,<0>  ,
wqbmhnut,P,08/16/2021 13:23,2         ,1         ,0,1,,0.016,<0>  ,0.001,<0>  ,,,,,0.006,<0>  ,3.7,<0>  ,
wqbmhnut,P,08/16/2021 15:38,2         ,1         ,0,1,,0.016,<0>  ,0.008,<0>  ,,,,,0.001,<0>  ,2.8,<0>  ,
wqbmhnut,P,08/16/2021 17:53,2         ,1         ,0,1,,0.017,<0>  ,0.001,<0>  ,,,,,0.004,<0>  ,2.2,<0>  ,
wqbmhnut,P,08/16/2021 20:08,2         ,1         ,0,1,,0.017,<0>  ,0.001,<0>  ,,,,,0.001,<0>  ,3.4,<0>  ,
wqbmhnut,P,08/16/2021 22:23,2         ,1         ,0,1,,0.017,<0>  ,0.009,<0>  ,,,,,0.015,<0>  ,3.4,<0>  ,
wqbmhnut,P,08/17/2021 00:38,2         ,1         ,0,1,,0.017,<0>  ,0.018,<0>  ,,,,,0.016,<0>  ,6.1,<0>  ,
wqbmhnut,P,08/17/2021 02:53,2         ,1         ,0,1,,0.018,<0>  ,0.01,<0>  ,,,,,0.01,<0>  ,3.2,<0>  ,
wqbmhnut,P,08/17/2021 05:08,2         ,1         ,0,1,,0.018,<0>  ,0.009,<0>  ,,,,,0.001,<0>  ,2.9,<0>  ,
wqbmhnut,P,08/17/2021 07:23,2         ,1         ,0,1,,0.018,<0>  ,0.01,<0>  ,,,,,0.001,<0>  ,3.1,<0>  ,
wqbmhnut,P,08/17/2021 09:38,2         ,1         ,0,1,,0.018,<0>  ,0.025,<0>  ,,,,,0.003,<0>  ,4.3,<0>  ,
wqbmhnut,P,08/17/2021 11:37,1         ,1         ,0,1,,0.017,<0>  ,0.013,<1>  [SRD],,,,,0.001,<1>  [SRD],4.7,<0>  ,
wqbmhnut,P,08/17/2021 11:42,1         ,2         ,0,1,,0.017,<0>  ,0.002,<1>  [SRD],,,,,0.0,<1>  [SRD],4.6,<0>  ,
wqbmhnut,P,09/14/2021 09:58,2         ,1         ,0,1,,0.018,<0>  ,0.019,<0>  ,,,,,0.003,<0>  ,4.3,<0>  ,
wqbmhnut,P,09/14/2021 12:13,2         ,1         ,0,1,,0.017,<0>  ,0.012,<0>  ,,,,,0.007,<0>  ,5.2,<0>  ,
wqbmhnut,P,09/14/2021 14:28,2         ,1         ,0,1,,0.014,<0>  ,0.005,<0>  ,,,,,0.01,<0>  ,2.7,<0>  ,
wqbmhnut,P,09/14/2021 16:43,2         ,1         ,0,1,,0.016,<0>  ,0.003,<0>  ,,,,,0.007,<0>  ,2.8,<0>  ,
wqbmhnut,P,09/14/2021 18:58,2         ,1         ,0,1,,0.018,<0>  ,0.004,<0>  ,,,,,0.009,<0>  ,3.8,<0>  ,
wqbmhnut,P,09/14/2021 21:13,2         ,1         ,0,1,,0.018,<0>  ,0.005,<0>  ,,,,,0.023,<0>  ,4.0,<0>  ,
wqbmhnut,P,09/14/2021 23:28,2         ,1         ,0,1,,0.02,<0>  ,0.022,<0>  ,,,,,0.011,<0>  ,3.6,<0>  ,
wqbmhnut,P,09/15/2021 01:43,2         ,1         ,0,1,,0.018,<0>  ,0.009,<0>  ,,,,,0.002,<0>  ,3.0,<0>  ,
wqbmhnut,P,09/15/2021 03:58,2         ,1         ,0,1,,0.018,<0>  ,0.015,<0>  ,,,,,0.002,<0>  ,3.0,<0>  ,
wqbmhnut,P,09/15/2021 06:13,2         ,1         ,0,1,,0.019,<0>  ,0.014,<0>  ,,,,,0.005,<0>  ,2.2,<0>  ,
wqbmhnut,P,09/15/2021 08:28,2         ,1         ,0,1,,0.018,<0>  ,0.018,<0>  ,,,,,0.013,<0>  ,3.3,<0>  ,
wqbmhnut,P,09/15/2021 10:43,2         ,1         ,0,1,,0.019,<0>  ,0.019,<0>  ,,,,,0.02,<0>  ,4.1,<0>  ,
wqbmhnut,P,09/15/2021 12:36,1         ,1         ,0,1,,0.014,<1>  [SRD],0.012,<-2>  [GSM],,,,,0.012,<1>  [SRD] (CHB),6.4,<0>  ,
wqbmhnut,P,09/15/2021 12:40,1         ,2         ,0,1,,0.016,<1>  [SRD],0.012,<-2>  [GSM],,,,,0.029,<1>  [SRD] (CHB),0.13,<-4>  [SBL],
wqbmhnut,P,10/12/2021 11:14,2         ,1         ,0,1,,0.02,<0>  ,0.041,<0>  ,,,,,0.1,<0>  ,2.6,<0>  ,
wqbmhnut,P,10/12/2021 13:29,2         ,1         ,0,1,,0.017,<0>  ,0.027,<0>  ,,,,,0.034,<0>  ,3.3,<0>  ,
wqbmhnut,P,10/12/2021 15:44,2         ,1         ,0,1,,0.018,<0>  ,0.011,<0>  ,,,,,0.017,<0>  ,3.4,<0>  ,
wqbmhnut,P,10/12/2021 17:59,2         ,1         ,0,1,,0.018,<0>  ,0.012,<0>  ,,,,,0.01,<0>  ,2.2,<0>  ,
wqbmhnut,P,10/12/2021 20:14,2         ,1         ,0,1,,0.02,<0>  ,0.015,<0>  ,,,,,0.008,<0>  ,3.9,<0>  ,
wqbmhnut,P,10/12/2021 22:29,2         ,1         ,0,1,,0.02,<0>  ,0.024,<0>  ,,,,,0.01,<0>  ,3.4,<0>  ,
wqbmhnut,P,10/13/2021 00:44,2         ,1         ,0,1,,0.02,<0>  ,0.015,<0>  ,,,,,0.004,<0>  ,3.3,<0>  ,
wqbmhnut,P,10/13/2021 02:59,2         ,1         ,0,1,,0.02,<0>  ,0.014,<0>  ,,,,,0.011,<0>  ,3.4,<0>  ,
wqbmhnut,P,10/13/2021 05:14,2         ,1         ,0,1,,0.02,<0>  ,0.013,<0>  ,,,,,0.009,<0>  ,2.1,<0>  ,
wqbmhnut,P,10/13/2021 07:29,2         ,1         ,0,1,,0.02,<0>  ,0.024,<0>  ,,,,,0.008,<0>  ,3.3,<0>  ,
wqbmhnut,P,10/13/2021 09:44,2         ,1         ,0,1,,0.021,<0>  ,0.023,<0>  ,,,,,0.003,<0>  ,2.8,<0>  ,
wqbmhnut,P,10/13/2021 10:55,1         ,1         ,0,1,,0.018,<0>  ,0.013,<0>  ,,,,,0.013,<1>  [SRD] (CHB),2.7,<0>  ,
wqbmhnut,P,10/13/2021 11:02,1         ,2         ,0,1,,0.019,<0>  ,0.014,<0>  ,,,,,0.009,<1>  [SRD] (CHB),2.8,<0>  ,
wqbmhnut,P,10/13/2021 11:59,2         ,1         ,0,1,,0.022,<0>  ,0.013,<0>  ,,,,,0.007,<0>  ,4.0,<0>  ,
wqbmhnut,P,11/16/2021 13:44,2         ,1         ,0,1,,0.02,<0>  ,0.01,<0>  ,,,,,0.018,<0>  ,3.1,<0>  ,
wqbmhnut,P,11/16/2021 15:59,2         ,1         ,0,1,,0.016,<0>  ,0.01,<0>  ,,,,,0.043,<0>  ,3.5,<0>  ,
wqbmhnut,P,11/16/2021 18:14,2         ,1         ,0,1,,0.023,<0>  ,0.005,<0>  ,,,,,0.01,<0>  ,3.2,<0>  ,
wqbmhnut,P,11/16/2021 20:29,2         ,1         ,0,1,,0.023,<0>  ,0.001,<0>  ,,,,,0.013,<0>  ,3.8,<0>  ,
wqbmhnut,P,11/16/2021 22:44,2         ,1         ,0,1,,0.023,<0>  ,0.001,<0>  ,,,,,0.011,<0>  ,3.0,<0>  ,
wqbmhnut,P,11/17/2021 00:59,2         ,1         ,0,1,,0.023,<0>  ,0.002,<0>  ,,,,,0.012,<0>  ,2.6,<0>  ,
wqbmhnut,P,11/17/2021 03:14,2         ,1         ,0,1,,0.02,<0>  ,0.007,<0>  ,,,,,0.033,<0>  ,1.7,<0>  ,
wqbmhnut,P,11/17/2021 05:29,2         ,1         ,0,1,,0.023,<0>  ,0.001,<0>  ,,,,,0.014,<0>  ,1.6,<0>  ,
wqbmhnut,P,11/17/2021 07:44,2         ,1         ,0,1,,0.025,<0>  ,0.001,<0>  ,,,,,0.014,<0>  ,2.7,<0>  ,
wqbmhnut,P,11/17/2021 09:59,2         ,1         ,0,1,,0.023,<0>  ,0.001,<0>  ,,,,,0.015,<0>  ,1.5,<0>  ,
wqbmhnut,P,11/17/2021 12:14,2         ,1         ,0,1,,0.023,<0>  ,0.005,<0>  ,,,,,0.014,<0>  ,2.7,<0>  ,
wqbmhnut,P,11/17/2021 13:55,1         ,1         ,0,1,,0.022,<0>  ,0.015,<1>  [SRD],,,,,0.017,<1>  [SRD],2.8,<0>  ,
wqbmhnut,P,11/17/2021 13:59,1         ,2         ,0,1,,0.021,<0>  ,0.013,<1>  [SRD],,,,,0.026,<1>  [SRD],2.4,<0>  ,
wqbmhnut,P,11/17/2021 14:29,2         ,1         ,0,1,,0.023,<0>  ,0.003,<0>  ,,,,,0.019,<0>  ,3.3,<0>  ,
wqbmhnut,P,12/13/2021 12:59,2         ,1         ,0,1,,0.064,<0>  ,0.025,<0>  ,,,,,0.041,<0>  ,6.0,<0>  ,
wqbmhnut,P,12/13/2021 15:14,2         ,1         ,0,1,,0.01,<0>  ,0.016,<0>  ,,,,,0.009,<0>  ,6.2,<0>  ,
wqbmhnut,P,12/13/2021 17:29,2         ,1         ,0,1,,0.014,<0>  ,0.014,<0>  ,,,,,0.011,<0>  ,6.3,<0>  ,
wqbmhnut,P,12/13/2021 19:44,2         ,1         ,0,1,,0.017,<0>  ,0.012,<0>  ,,,,,0.01,<0>  ,5.2,<0>  ,
wqbmhnut,P,12/13/2021 21:59,2         ,1         ,0,1,,0.016,<0>  ,0.018,<0>  ,,,,,0.012,<0>  ,4.5,<0>  ,
wqbmhnut,P,12/14/2021 00:14,2         ,1         ,0,1,,0.016,<0>  ,0.016,<0>  ,,,,,0.013,<0>  ,3.4,<0>  ,
wqbmhnut,P,12/14/2021 02:29,2         ,1         ,0,1,,0.007,<0>  ,0.026,<0>  ,,,,,0.026,<0>  ,3.0,<0>  ,
wqbmhnut,P,12/14/2021 04:44,2         ,1         ,0,1,,0.016,<0>  ,0.012,<0>  ,,,,,0.006,<0>  ,5.4,<0>  ,
wqbmhnut,P,12/14/2021 06:59,2         ,1         ,0,1,,0.017,<0>  ,0.011,<0>  ,,,,,0.009,<0>  ,4.9,<0>  ,
wqbmhnut,P,12/14/2021 09:14,2         ,1         ,0,1,,0.019,<0>  ,0.013,<0>  ,,,,,0.008,<0>  ,4.1,<0>  ,
wqbmhnut,P,12/14/2021 11:29,2         ,1         ,0,1,,0.017,<0>  ,0.037,<0>  ,,,,,0.012,<0>  ,4.0,<0>  ,
wqbmhnut,P,12/14/2021 13:44,2         ,1         ,0,1,,0.012,<0>  ,0.023,<0>  ,,,,,0.057,<0>  ,4.0,<0>  ,
wqbmhnut,P,12/14/2021 14:32,1         ,1         ,0,1,,0.01,<1>  [SRD],0.033,<1>  [SRD],,,,,0.079,<1>  [SRD],2.9,<0>  ,
wqbmhnut,P,12/14/2021 14:40,1         ,2         ,0,1,,0.009,<1>  [SRD],0.026,<1>  [SRD],,,,,0.066,<1>  [SRD],3.8,<0>  ,
wqbmhnut,P,01/10/2022 09:44,2         ,1         ,0,1,,0.008,<0>  ,0.008,<0>  ,,,,,0.019,<0>  ,3.995,<0>  ,
wqbmhnut,P,01/10/2022 09:48,1         ,1         ,0,1,,0.01,<0>  ,0.00161,<-4>  [SBL],,,,,0.028,<0>  ,3.571,<0>  ,
wqbmhnut,P,01/10/2022 09:48,1         ,3         ,0,1,,0.01,<0>  ,0.004,<0>  ,,,,,0.02,<0>  ,0.1,<-4>  [SBL],
wqbmhnut,P,01/10/2022 09:58,1         ,2         ,0,1,,0.01,<0>  ,0.00161,<-4>  [SBL],,,,,0.016,<0>  ,4.112,<0>  ,
wqbmhnut,P,01/10/2022 11:59,2         ,1         ,0,1,,0.002,<0>  ,0.006,<0>  ,,,,,0.048,<0>  ,5.354,<0>  ,
wqbmhnut,P,01/10/2022 14:14,2         ,1         ,0,1,,0.006,<0>  ,0.002,<0>  ,,,,,0.012,<0>  ,3.799,<0>  ,
wqbmhnut,P,01/10/2022 16:29,2         ,1         ,0,1,,0.008,<0>  ,0.002,<0>  ,,,,,0.008,<0>  ,3.557,<0>  ,
wqbmhnut,P,01/10/2022 18:44,2         ,1         ,0,1,,0.006,<0>  ,0.002,<0>  ,,,,,0.016,<0>  ,2.409,<0>  ,
wqbmhnut,P,01/10/2022 20:59,2         ,1         ,0,1,,0.008,<0>  ,0.006,<0>  ,,,,,0.009,<0>  ,2.658,<0>  ,
wqbmhnut,P,01/10/2022 23:14,2         ,1         ,0,1,,0.005,<0>  ,0.005,<0>  ,,,,,0.019,<0>  ,2.107,<0>  ,
wqbmhnut,P,01/11/2022 01:29,2         ,1         ,0,1,,0.008,<0>  ,0.005,<0>  ,,,,,0.015,<0>  ,4.063,<0>  ,
wqbmhnut,P,01/11/2022 03:44,2         ,1         ,0,1,,0.008,<0>  ,0.002,<0>  ,,,,,0.014,<0>  ,3.346,<0>  ,
wqbmhnut,P,01/11/2022 05:59,2         ,1         ,0,1,,0.005,<0>  ,0.002,<0>  ,,,,,0.014,<0>  ,2.9,<0>  ,
wqbmhnut,P,01/11/2022 08:14,2         ,1         ,0,1,,0.004,<0>  ,0.00161,<-4>  [SBL],,,,,0.015,<0>  ,2.651,<0>  ,
wqbmhnut,P,01/11/2022 10:29,2         ,1         ,0,1,,0.004,<0>  ,0.005,<0>  ,,,,,0.013,<0>  ,2.756,<0>  ,
wqbmhnut,P,02/08/2022 10:17,2         ,1         ,0,1,,0.003,<0>  ,0.00161,<-4>  [SBL],,,,,0.013,<0>  ,1.932,<0>  ,
wqbmhnut,P,02/08/2022 12:32,2         ,1         ,0,1,,0.003,<0>  ,0.00161,<-4>  [SBL],,,,,0.013,<0>  ,0.1,<-4>  [SBL],
wqbmhnut,P,02/08/2022 14:47,2         ,1         ,0,1,,0.005,<0>  ,0.00161,<-4>  [SBL],,,,,0.004,<0>  ,7.793,<0>  ,
wqbmhnut,P,02/08/2022 17:02,2         ,1         ,0,1,,0.007,<0>  ,0.00161,<-4>  [SBL],,,,,0.005,<0>  ,3.302,<0>  ,
wqbmhnut,P,02/08/2022 19:17,2         ,1         ,0,1,,0.005,<0>  ,0.00161,<-4>  [SBL],,,,,0.004,<0>  ,8.659,<0>  ,
wqbmhnut,P,02/08/2022 21:32,2         ,1         ,0,1,,0.005,<0>  ,0.00161,<-4>  [SBL],,,,,0.004,<0>  ,7.35,<0>  ,
wqbmhnut,P,02/08/2022 23:47,2         ,1         ,0,1,,0.005,<0>  ,0.00161,<-4>  [SBL],,,,,0.011,<0>  ,5.809,<0>  ,
wqbmhnut,P,02/09/2022 02:02,2         ,1         ,0,1,,0.005,<0>  ,0.00161,<-4>  [SBL],,,,,0.002,<0>  ,13.794,<0>  ,
wqbmhnut,P,02/09/2022 04:17,2         ,1         ,0,1,,0.007,<0>  ,0.00161,<-4>  [SBL],,,,,0.005,<0>  ,10.874,<0>  ,
wqbmhnut,P,02/09/2022 06:32,2         ,1         ,0,1,,0.007,<0>  ,0.00161,<-4>  [SBL],,,,,0.004,<0>  ,9.263,<0>  ,
wqbmhnut,P,02/09/2022 08:47,2         ,1         ,0,1,,0.005,<0>  ,0.00161,<-4>  [SBL],,,,,0.01,<0>  ,4.48,<0>  ,
wqbmhnut,P,02/09/2022 11:02,2         ,1         ,0,1,,0.005,<0>  ,0.00161,<-4>  [SBL],,,,,0.019,<0>  ,12.082,<0>  ,
wqbmhnut,P,02/09/2022 13:52,1         ,1         ,0,1,,0.007,<0>  ,0.00161,<-4>  [SBL],,,,,0.011,<0>  ,7.954,<0>  ,
wqbmhnut,P,02/09/2022 13:55,1         ,2         ,0,1,,0.009,<0>  ,0.00161,<-4>  [SBL],,,,,0.008,<0>  ,8.155,<0>  ,
wqbmhnut,P,02/09/2022 13:58,1         ,3         ,0,1,,0.007,<0>  ,0.00161,<-4>  [SBL],,,,,0.006,<0>  ,4.732,<0>  ,
wqbmhnut,P,03/07/2022 09:51,2         ,1         ,0,1,,0.003,<0>  ,0.006,<0>  ,,,,,0.032,<0>  ,6.143,<0>  ,
wqbmhnut,P,03/07/2022 12:06,2         ,1         ,0,1,,0.006,<0>  ,0.018,<0>  ,,,,,0.01,<0>  ,4.382,<0>  ,
wqbmhnut,P,03/07/2022 14:21,2         ,1         ,0,1,,0.008,<0>  ,0.009,<0>  ,,,,,0.008,<0>  ,7.36,<0>  ,
wqbmhnut,P,03/07/2022 16:36,2         ,1         ,0,1,,0.004,<0>  ,0.011,<0>  ,,,,,0.006,<0>  ,6.635,<0>  ,
wqbmhnut,P,03/07/2022 18:51,2         ,1         ,0,1,,0.006,<0>  ,0.008,<0>  ,,,,,0.007,<0>  ,3.786,<0>  ,
wqbmhnut,P,03/07/2022 21:06,2         ,1         ,0,1,,0.004,<0>  ,0.01,<0>  ,,,,,0.009,<0>  ,4.952,<0>  ,
wqbmhnut,P,03/07/2022 23:21,2         ,1         ,0,1,,0.004,<0>  ,0.008,<0>  ,,,,,0.005,<0>  ,6.134,<0>  ,
wqbmhnut,P,03/08/2022 01:36,2         ,1         ,0,1,,0.006,<0>  ,0.009,<0>  ,,,,,0.005,<0>  ,5.323,<0>  ,
wqbmhnut,P,03/08/2022 03:51,2         ,1         ,0,1,,0.004,<0>  ,0.009,<0>  ,,,,,0.007,<0>  ,4.52,<0>  ,
wqbmhnut,P,03/08/2022 06:06,2         ,1         ,0,1,,0.006,<0>  ,0.011,<0>  ,,,,,0.007,<0>  ,3.07,<0>  ,
wqbmhnut,P,03/08/2022 08:21,2         ,1         ,0,1,,0.005,<0>  ,0.014,<0>  ,,,,,0.021,<0>  ,5.081,<0>  ,
wqbmhnut,P,03/08/2022 10:36,2         ,1         ,0,1,,0.003,<0>  ,0.016,<0>  ,,,,,0.032,<0>  ,4.736,<0>  ,
wqbmhnut,P,03/08/2022 11:24,1         ,3         ,0,1,,0.006,<0>  ,0.01,<0>  ,,,,,0.021,<0>  ,,NA,
wqbmhnut,P,03/08/2022 11:30,1         ,1         ,0,1,,0.005,<0>  ,0.013,<0>  ,,,,,0.02,<0>  ,0.265,<0>  ,
wqbmhnut,P,03/08/2022 11:35,1         ,2         ,0,1,,0.006,<0>  ,0.01,<0>  ,,,,,0.02,<0>  ,0.11,<0>  ,
wqbmhnut,P,04/04/2022 09:49,2         ,1         ,0,1,,0.007,<0>  ,0.00161,<-4>  [SBL],,,,,0.0,<-4>  [SBL] (CHB),2.645,<0>  ,
wqbmhnut,P,04/04/2022 12:04,2         ,1         ,0,1,,0.007,<0>  ,0.021,<0>  ,,,,,0.002,<1>  (CHB),2.645,<0>  ,
wqbmhnut,P,04/04/2022 14:19,2         ,1         ,0,1,,0.007,<0>  ,0.009,<0>  ,,,,,0.003,<1>  (CHB),3.104,<0>  ,
wqbmhnut,P,04/04/2022 16:34,2         ,1         ,0,1,,0.004,<0>  ,0.021,<0>  ,,,,,0.005,<1>  (CHB),2.85,<0>  ,
wqbmhnut,P,04/04/2022 18:49,2         ,1         ,0,1,,0.006,<0>  ,0.008,<0>  ,,,,,0.004,<1>  (CHB),3.152,<0>  ,
wqbmhnut,P,04/04/2022 21:04,2         ,1         ,0,1,,0.006,<0>  ,0.016,<0>  ,,,,,0.0,<-4>  [SBL] (CHB),3.418,<0>  ,
wqbmhnut,P,04/04/2022 23:19,2         ,1         ,0,1,,0.006,<0>  ,0.01,<0>  ,,,,,0.001,<1>  (CHB),2.512,<0>  ,
wqbmhnut,P,04/05/2022 01:34,2         ,1         ,0,1,,0.006,<0>  ,0.007,<0>  ,,,,,0.007,<1>  (CHB),2.367,<0>  ,
wqbmhnut,P,04/05/2022 03:49,2         ,1         ,0,1,,0.007,<0>  ,0.004,<0>  ,,,,,0.001,<1>  (CHB),2.79,<0>  ,
wqbmhnut,P,04/05/2022 06:04,2         ,1         ,0,1,,0.006,<0>  ,0.004,<0>  ,,,,,0.004,<1>  (CHB),1.799,<0>  ,
wqbmhnut,P,04/05/2022 08:19,2         ,1         ,0,1,,0.007,<0>  ,0.011,<0>  ,,,,,0.015,<1>  (CHB),4.747,<0>  ,
wqbmhnut,P,04/05/2022 09:20,1         ,1         ,0,1,,0.006,<0>  ,0.005,<0>  ,,,,,0.018,<1>  (CHB),6.149,<0>  ,
wqbmhnut,P,04/05/2022 09:25,1         ,3         ,0,1,,0.006,<0>  ,0.016,<0>  ,,,,,0.008,<1>  (CHB),2.27,<0>  ,
wqbmhnut,P,04/05/2022 09:30,1         ,2         ,0,1,,0.006,<0>  ,0.009,<0>  ,,,,,,NA,5.931,<0>  ,
wqbmhnut,P,04/05/2022 10:34,2         ,1         ,0,1,,0.006,<0>  ,0.004,<0>  ,,,,,0.008,<1>  (CHB),3.104,<0>  ,
wqbmhnut,P,05/03/2022 09:02,2         ,1         ,0,1,,0.009,<0>  ,0.024,<0>  ,,,,,0.007,<1>  (CHB),1.528,<0>  ,
wqbmhnut,P,05/03/2022 11:17,2         ,1         ,0,1,,0.01,<0>  ,0.026,<0>  ,,,,,0.016,<1>  (CHB),1.88,<0>  ,
wqbmhnut,P,05/03/2022 13:32,2         ,1         ,0,1,,0.009,<0>  ,0.009,<0>  ,,,,,0.01,<1>  (CHB),2.021,<0>  ,
wqbmhnut,P,05/03/2022 15:47,2         ,1         ,0,1,,0.011,<0>  ,0.022,<0>  ,,,,,0.002,<1>  (CHB),1.356,<0>  ,
wqbmhnut,P,05/03/2022 18:02,2         ,1         ,0,1,,0.012,<0>  ,0.023,<0>  ,,,,,0.008,<1>  (CHB),1.175,<0>  ,
wqbmhnut,P,05/03/2022 20:17,2         ,1         ,0,1,,0.009,<0>  ,0.004,<0>  ,,,,,0.001,<1>  (CHB),2.565,<0>  ,
wqbmhnut,P,05/03/2022 22:32,2         ,1         ,0,1,,0.009,<0>  ,0.009,<0>  ,,,,,0.0,<-4>  [SBL] (CHB),2.061,<0>  ,
wqbmhnut,P,05/04/2022 00:47,2         ,1         ,0,1,,0.011,<0>  ,0.014,<0>  ,,,,,0.004,<1>  (CHB),1.729,<0>  ,
wqbmhnut,P,05/04/2022 03:02,2         ,1         ,0,1,,0.01,<0>  ,0.017,<0>  ,,,,,0.004,<1>  (CHB),2.212,<0>  ,
wqbmhnut,P,05/04/2022 05:17,2         ,1         ,0,1,,0.009,<0>  ,0.021,<0>  ,,,,,0.005,<1>  (CHB),2.132,<0>  ,
wqbmhnut,P,05/04/2022 07:32,2         ,1         ,0,1,,0.012,<0>  ,0.03,<0>  ,,,,,0.019,<1>  (CHB),1.83,<0>  ,
wqbmhnut,P,05/04/2022 09:47,2         ,1         ,0,1,,0.011,<0>  ,0.012,<0>  ,,,,,0.006,<1>  (CHB),2.988,<0>  ,
wqbmhnut,P,05/04/2022 10:45,1         ,1         ,0,1,,0.008,<0>  ,0.004,<0>  ,,,,,0.001,<1>  (CHB),1.352,<0>  ,
wqbmhnut,P,05/04/2022 10:50,1         ,3         ,0,1,,0.006,<0>  ,0.007,<0>  ,,,,,0.004,<1>  (CHB),0.1,<-4>  [SBL],
wqbmhnut,P,05/04/2022 10:53,1         ,2         ,0,1,,0.009,<0>  ,0.006,<0>  ,,,,,0.003,<1>  (CHB),2.424,<0>  ,
wqbmhnut,P,05/31/2022 08:54,2         ,1         ,0,1,,0.006,<0>  ,0.00161,<-4>  [SBL],,,,,0.0,<0>  ,,<-2>  [GSM],
wqbmhnut,P,05/31/2022 11:09,2         ,1         ,0,1,,0.005,<0>  ,0.00161,<-4>  [SBL],,,,,0.004,<0>  ,,<-2>  [GSM],
wqbmhnut,P,05/31/2022 13:24,2         ,1         ,0,1,,0.006,<0>  ,0.00161,<-4>  [SBL],,,,,0.0,<0>  ,,<-2>  [GSM],
wqbmhnut,P,05/31/2022 15:39,2         ,1         ,0,1,,0.008,<0>  ,0.00161,<-4>  [SBL],,,,,0.002,<0>  ,,<-2>  [GSM],
wqbmhnut,P,05/31/2022 17:54,2         ,1         ,0,1,,0.005,<0>  ,0.002,<0>  ,,,,,0.0,<0>  ,,<-2>  [GSM],
wqbmhnut,P,05/31/2022 20:09,2         ,1         ,0,1,,0.005,<0>  ,0.00161,<-4>  [SBL],,,,,0.0,<0>  ,,<-2>  [GSM],
wqbmhnut,P,05/31/2022 22:24,2         ,1         ,0,1,,0.006,<0>  ,0.00161,<-4>  [SBL],,,,,0.0,<0>  ,,<-2>  [GSM],
wqbmhnut,P,06/01/2022 00:39,2         ,1         ,0,1,,0.006,<0>  ,0.00161,<-4>  [SBL],,,,,0.0,<0>  ,,<-2>  [GSM],
wqbmhnut,P,06/01/2022 02:54,2         ,1         ,0,1,,0.006,<0>  ,0.00161,<-4>  [SBL],,,,,0.0,<0>  ,,<-2>  [GSM],
wqbmhnut,P,06/01/2022 05:09,2         ,1         ,0,1,,0.006,<0>  ,0.00161,<-4>  [SBL],,,,,0.004,<0>  ,,<-2>  [GSM],
wqbmhnut,P,06/01/2022 07:24,2         ,1         ,0,1,,0.007,<0>  ,0.00161,<-4>  [SBL],,,,,0.008,<0>  ,,<-2>  [GSM],
wqbmhnut,P,06/01/2022 08:51,1         ,1         ,0,1,,0.005,<0>  ,0.00161,<-4>  [SBL],,,,,0.0,<0>  ,,<-2>  [GSM],
wqbmhnut,P,06/01/2022 09:16,1         ,2         ,0,1,,0.004,<0>  ,0.00161,<-4>  [SBL],,,,,0.0,<0>  ,,<-2>  [GSM],
wqbmhnut,P,06/01/2022 09:39,2         ,1         ,0,1,,0.005,<0>  ,0.00161,<-4>  [SBL],,,,,0.0,<0>  ,,<-2>  [GSM],
wqbmhnut,P,07/11/2022 09:44,2         ,1         ,0,1,,0.006,<0>  ,0.00161,<-4>  [SBL],,,,,0.002,<0>  ,2.606,<0>  ,
wqbmhnut,P,07/11/2022 11:59,2         ,1         ,0,1,,0.008,<0>  ,0.012,<0>  ,,,,,0.001,<0>  ,3.206,<0>  ,
wqbmhnut,P,07/11/2022 14:14,2         ,1         ,0,1,,0.006,<0>  ,0.00161,<-4>  [SBL],,,,,0.0,<0>  ,1.541,<0>  ,
wqbmhnut,P,07/11/2022 16:29,2         ,1         ,0,1,,0.009,<0>  ,0.00161,<-4>  [SBL],,,,,0.0,<0>  ,2.13,<0>  ,
wqbmhnut,P,07/11/2022 18:44,2         ,1         ,0,1,,0.008,<0>  ,0.00161,<-4>  [SBL],,,,,0.001,<0>  ,1.552,<0>  ,
wqbmhnut,P,07/11/2022 20:59,2         ,1         ,0,1,,0.012,<0>  ,0.00161,<-4>  [SBL],,,,,0.0,<0>  ,1.461,<0>  ,
wqbmhnut,P,07/11/2022 23:14,2         ,1         ,0,1,,0.011,<0>  ,0.009,<0>  ,,,,,0.002,<0>  ,4.532,<0>  ,
wqbmhnut,P,07/12/2022 01:29,2         ,1         ,0,1,,0.012,<0>  ,0.01,<0>  ,,,,,0.001,<0>  ,1.507,<0>  ,
wqbmhnut,P,07/12/2022 03:44,2         ,1         ,0,1,,0.012,<0>  ,0.012,<0>  ,,,,,0.002,<0>  ,2.753,<0>  ,
wqbmhnut,P,07/12/2022 05:59,2         ,1         ,0,1,,0.012,<0>  ,0.00161,<-4>  [SBL],,,,,0.001,<0>  ,2.572,<0>  ,
wqbmhnut,P,07/12/2022 08:14,2         ,1         ,0,1,,0.012,<0>  ,0.007,<0>  ,,,,,0.001,<0>  ,1.439,<0>  ,
wqbmhnut,P,07/12/2022 10:28,1         ,1         ,0,1,,0.012,<0>  ,0.00161,<-4>  [SBL],,,,,0.0,<0>  ,1.439,<0>  ,
wqbmhnut,P,07/12/2022 10:29,2         ,1         ,0,1,,0.015,<0>  ,0.00161,<-4>  [SBL],,,,,0.001,<0>  ,1.994,<0>  ,
wqbmhnut,P,07/12/2022 10:49,1         ,2         ,0,1,,0.012,<0>  ,0.00161,<-4>  [SBL],,,,,0.0,<0>  ,0.929,<0>  ,
wqbmhnut,P,08/15/2022 07:50,2         ,1         ,0,1,,0.018,<0>  ,0.039,<0>  ,,,,,0.015,<0>  ,,NA,
wqbmhnut,P,08/15/2022 10:05,2         ,1         ,0,1,,0.013,<0>  ,0.007,<0>  ,,,,,0.005,<0>  ,,NA,
wqbmhnut,P,08/15/2022 12:20,2         ,1         ,0,1,,0.014,<0>  ,0.018,<0>  ,,,,,0.006,<0>  ,,NA,
wqbmhnut,P,08/15/2022 14:35,2         ,1         ,0,1,,0.014,<0>  ,0.009,<0>  ,,,,,0.003,<0>  ,,NA,
wqbmhnut,P,08/15/2022 16:50,2         ,1         ,0,1,,0.013,<0>  ,0.007,<0>  ,,,,,0.007,<0>  ,,NA,
wqbmhnut,P,08/15/2022 19:05,2         ,1         ,0,1,,0.014,<0>  ,0.02,<0>  ,,,,,0.008,<0>  ,,NA,
wqbmhnut,P,08/15/2022 21:20,2         ,1         ,0,1,,0.014,<0>  ,0.005,<0>  ,,,,,0.007,<0>  ,,NA,
wqbmhnut,P,08/15/2022 23:35,2         ,1         ,0,1,,0.016,<0>  ,0.008,<0>  ,,,,,0.003,<0>  ,,NA,
wqbmhnut,P,08/16/2022 01:50,2         ,1         ,0,1,,0.016,<0>  ,0.007,<0>  ,,,,,0.002,<0>  ,,NA,
wqbmhnut,P,08/16/2022 04:05,2         ,1         ,0,1,,0.016,<0>  ,0.011,<0>  ,,,,,0.004,<0>  ,,NA,
wqbmhnut,P,08/16/2022 06:20,2         ,1         ,0,1,,0.018,<0>  ,0.02,<0>  ,,,,,0.009,<0>  ,,NA,
wqbmhnut,P,08/16/2022 08:35,2         ,1         ,0,1,,0.022,<0>  ,0.048,<0>  ,,,,,0.009,<0>  ,,NA,
wqbmhnut,P,08/16/2022 10:42,1         ,1         ,0,1,,0.016,<0>  ,0.006,<0>  ,,,,,0.003,<0>  ,3.565,<0>  ,
wqbmhnut,P,08/16/2022 10:45,1         ,2         ,0,1,,0.014,<0>  ,0.008,<0>  ,,,,,0.002,<0>  ,3.489,<0>  ,
wqbmhnut,P,09/06/2022 14:22,2         ,1         ,0,1,,0.02,<0>  ,0.027,<0>  ,,,,,0.006,<0>  ,2.677,<0>  ,
wqbmhnut,P,09/06/2022 16:37,2         ,1         ,0,1,,0.018,<0>  ,0.016,<0>  ,,,,,0.002,<0>  ,2.66,<0>  ,
wqbmhnut,P,09/06/2022 18:57,2         ,1         ,0,1,,0.02,<0>  ,0.023,<0>  ,,,,,0.009,<0>  ,2.854,<0>  ,
wqbmhnut,P,09/06/2022 21:07,2         ,1         ,0,1,,0.02,<0>  ,0.021,<0>  ,,,,,0.003,<0>  ,2.062,<0>  ,
wqbmhnut,P,09/06/2022 23:22,2         ,1         ,0,1,,0.022,<0>  ,0.026,<0>  ,,,,,0.008,<0>  ,1.962,<0>  ,
wqbmhnut,P,09/07/2022 01:37,2         ,1         ,0,1,,0.022,<0>  ,0.047,<0>  ,,,,,0.013,<0>  ,2.687,<0>  ,
wqbmhnut,P,09/07/2022 03:52,2         ,1         ,0,1,,0.022,<0>  ,0.046,<0>  ,,,,,0.008,<0>  ,1.698,<0>  ,
wqbmhnut,P,09/07/2022 06:07,2         ,1         ,0,1,,0.023,<0>  ,0.035,<0>  ,,,,,0.011,<0>  ,1.587,<0>  ,
wqbmhnut,P,09/07/2022 08:22,2         ,1         ,0,1,,0.023,<0>  ,0.022,<0>  ,,,,,0.006,<0>  ,1.872,<0>  ,
wqbmhnut,P,09/07/2022 10:37,2         ,1         ,0,1,,0.023,<0>  ,0.027,<0>  ,,,,,0.008,<0>  ,1.915,<0>  ,
wqbmhnut,P,09/07/2022 12:52,2         ,1         ,0,1,,0.024,<0>  ,0.017,<0>  ,,,,,0.008,<0>  ,2.129,<0>  ,
wqbmhnut,P,09/07/2022 15:07,2         ,1         ,0,1,,0.022,<0>  ,0.022,<0>  ,,,,,0.007,<0>  ,3.014,<0>  ,
wqbmhnut,P,09/07/2022 16:22,1         ,1         ,0,1,,0.022,<0>  ,0.022,<0>  ,,,,,0.004,<0>  ,4.656,<0>  ,
wqbmhnut,P,09/07/2022 16:35,1         ,2         ,0,1,,0.022,<0>  ,0.023,<0>  ,,,,,0.002,<0>  ,4.402,<0>  ,
wqbmhnut,P,10/11/2022 11:11,2         ,1         ,0,1,,0.02,<0>  ,0.021,<0>  ,,,,,0.007,<1>  (CHB),2.076,<0>  ,
wqbmhnut,P,10/11/2022 13:26,2         ,1         ,0,1,,0.02,<0>  ,0.02,<0>  ,,,,,0.004,<1>  (CHB),1.958,<0>  ,
wqbmhnut,P,10/11/2022 15:41,2         ,1         ,0,1,,0.017,<0>  ,0.013,<0>  ,,,,,0.008,<1>  (CHB),2.796,<0>  ,
wqbmhnut,P,10/11/2022 17:56,2         ,1         ,0,1,,0.014,<0>  ,0.012,<0>  ,,,,,0.008,<1>  (CHB),2.432,<0>  ,
wqbmhnut,P,10/11/2022 20:11,2         ,1         ,0,1,,0.017,<0>  ,0.013,<0>  ,,,,,0.004,<1>  (CHB),2.75,<0>  ,
wqbmhnut,P,10/11/2022 22:26,2         ,1         ,0,1,,0.018,<0>  ,0.015,<0>  ,,,,,0.005,<1>  (CHB),2.657,<0>  ,
wqbmhnut,P,10/12/2022 00:41,2         ,1         ,0,1,,0.02,<0>  ,0.015,<0>  ,,,,,0.006,<1>  (CHB),2.555,<0>  ,
wqbmhnut,P,10/12/2022 02:56,2         ,1         ,0,1,,0.018,<0>  ,0.016,<0>  ,,,,,0.007,<1>  (CHB),1.877,<0>  ,
wqbmhnut,P,10/12/2022 05:11,2         ,1         ,0,1,,0.02,<0>  ,0.015,<0>  ,,,,,0.003,<1>  (CHB),2.051,<0>  ,
wqbmhnut,P,10/12/2022 07:26,2         ,1         ,0,1,,0.018,<0>  ,0.017,<0>  ,,,,,0.005,<1>  (CHB),2.11,<0>  ,
wqbmhnut,P,10/12/2022 09:41,2         ,1         ,0,1,,0.018,<0>  ,0.015,<0>  ,,,,,0.003,<1>  (CHB),2.292,<0>  ,
wqbmhnut,P,10/12/2022 11:56,2         ,1         ,0,1,,0.02,<0>  ,0.015,<0>  ,,,,,0.004,<1>  (CHB),2.699,<0>  ,
wqbmhnut,P,10/12/2022 12:10,1         ,1         ,0,1,,0.02,<0>  ,0.017,<0>  ,,,,,0.002,<1>  (CHB),1.953,<0>  ,
wqbmhnut,P,10/12/2022 12:15,1         ,2         ,0,1,,0.02,<0>  ,0.018,<0>  ,,,,,0.007,<1>  (CHB),2.813,<0>  ,
wqbmhnut,P,11/14/2022 09:52,2         ,1         ,0,1,,0.018,<0>  ,0.028,<0>  ,,,,,0.016,<0>  ,1.75,<0>  ,
wqbmhnut,P,11/14/2022 12:07,2         ,1         ,0,1,,0.018,<0>  ,0.02,<0>  ,,,,,0.009,<0>  ,1.631,<0>  ,
wqbmhnut,P,11/14/2022 14:22,2         ,1         ,0,1,,0.017,<0>  ,0.022,<0>  ,,,,,0.009,<0>  ,2.407,<0>  ,
wqbmhnut,P,11/14/2022 16:37,2         ,1         ,0,1,,0.017,<0>  ,0.024,<0>  ,,,,,0.012,<0>  ,1.618,<0>  ,
wqbmhnut,P,11/14/2022 18:52,2         ,1         ,0,1,,0.017,<0>  ,0.024,<0>  ,,,,,0.014,<0>  ,1.915,<0>  ,
wqbmhnut,P,11/14/2022 21:07,2         ,1         ,0,1,,0.018,<0>  ,0.045,<0>  ,,,,,0.021,<0>  ,1.419,<0>  ,
wqbmhnut,P,11/14/2022 23:22,2         ,1         ,0,1,,0.018,<0>  ,0.03,<0>  ,,,,,0.015,<0>  ,1.309,<0>  ,
wqbmhnut,P,11/15/2022 01:37,2         ,1         ,0,1,,0.018,<0>  ,0.027,<0>  ,,,,,0.015,<0>  ,1.313,<0>  ,
wqbmhnut,P,11/15/2022 03:52,2         ,1         ,0,1,,0.018,<0>  ,0.033,<0>  ,,,,,0.011,<0>  ,0.877,<0>  ,
wqbmhnut,P,11/15/2022 06:07,2         ,1         ,0,1,,0.018,<0>  ,0.105,<0>  ,,,,,0.01,<0>  ,0.843,<0>  ,
wqbmhnut,P,11/15/2022 08:22,2         ,1         ,0,1,,0.018,<0>  ,0.033,<0>  ,,,,,0.02,<0>  ,1.521,<0>  ,
wqbmhnut,P,11/15/2022 10:37,2         ,1         ,0,1,,0.018,<0>  ,0.035,<0>  ,,,,,0.019,<0>  ,1.559,<0>  ,
wqbmhnut,P,11/15/2022 12:34,1         ,1         ,0,1,,0.018,<0>  ,0.107,<0>  ,,,,,0.012,<0>  ,1.555,<0>  ,
wqbmhnut,P,11/15/2022 12:37,1         ,2         ,0,1,,0.018,<0>  ,0.099,<0>  ,,,,,0.011,<0>  ,1.099,<0>  ,
wqbmhnut,P,11/15/2022 16:20,1         ,3         ,0,1,,0.022,<0>  ,0.099,<0>  ,,,,,0.01,<0>  ,1.088,<0>  ,
wqbmhnut,P,12/12/2022 10:06,2         ,1         ,0,1,,0.012,<0>  ,0.01,<0>  ,,,,,0.001,<1>  (CHB),0.257,<0>  ,
wqbmhnut,P,12/12/2022 12:21,2         ,1         ,0,1,,0.014,<0>  ,0.008,<0>  ,,,,,0.006,<1>  (CHB),0.237,<0>  ,
wqbmhnut,P,12/12/2022 14:36,2         ,1         ,0,1,,0.012,<0>  ,0.009,<0>  ,,,,,0.0,<-4>  [SBL] (CHB),0.225,<0>  ,
wqbmhnut,P,12/12/2022 16:51,2         ,1         ,0,1,,0.014,<0>  ,0.008,<0>  ,,,,,0.001,<1>  (CHB),0.221,<0>  ,
wqbmhnut,P,12/12/2022 19:06,2         ,1         ,0,1,,0.009,<0>  ,0.004,<0>  ,,,,,0.004,<1>  (CHB),0.238,<0>  ,
wqbmhnut,P,12/12/2022 21:21,2         ,1         ,0,1,,0.014,<0>  ,0.006,<0>  ,,,,,0.0,<-4>  [SBL] (CHB),0.31,<0>  ,
wqbmhnut,P,12/12/2022 23:36,2         ,1         ,0,1,,0.02,<0>  ,0.006,<0>  ,,,,,0.0,<-4>  [SBL] (CHB),0.242,<0>  ,
wqbmhnut,P,12/13/2022 01:51,2         ,1         ,0,1,,0.016,<0>  ,0.005,<0>  ,,,,,0.001,<1>  (CHB),0.236,<0>  ,
wqbmhnut,P,12/13/2022 04:06,2         ,1         ,0,1,,0.014,<0>  ,0.006,<0>  ,,,,,0.0,<-4>  [SBL] (CHB),0.235,<0>  ,
wqbmhnut,P,12/13/2022 06:21,2         ,1         ,0,1,,0.012,<0>  ,0.008,<0>  ,,,,,0.001,<1>  (CHB),0.225,<0>  ,
wqbmhnut,P,12/13/2022 08:36,2         ,1         ,0,1,,0.012,<0>  ,0.017,<0>  ,,,,,0.001,<1>  (CHB),0.219,<0>  ,
wqbmhnut,P,12/13/2022 10:51,2         ,1         ,0,1,,0.015,<0>  ,0.005,<0>  ,,,,,0.0,<-4>  [SBL] (CHB),0.216,<0>  ,
wqbmhnut,P,12/13/2022 11:55,1         ,1         ,0,1,,0.015,<0>  ,0.008,<0>  ,,,,,0.0,<-4>  [SBL] (CHB),,<-2>  [GSM],
wqbmhnut,P,12/13/2022 12:09,1         ,2         ,0,1,,0.014,<0>  ,0.009,<0>  ,,,,,,<-2>  [GDM],,<-2>  [GSM],
 
********Legend*******

Please refer to the Read Me document bundled in the ZIP file for important information regarding data QAQC and data file contents.  A 
metadata document will also be available detailing specific Reserve and station data collection methods; QAQC; and contact information.

---INFO ON FIELDS---
Collection method: A value of 1 represents grab sample collection - a value of 2 represents the diel auto-sampling program
Replicate: Refers to the sequential replicate number or a value of S indicates a laboratory split
PO4F: orthophosphate measured in milligrams per Liter (mg/L) as P 
NH4F: ammonium measured in milligrams per Liter (mg/L) as N
NO2F: nitrite measured in milligrams per Liter (mg/L) as N
NO3F: nitrate measured in milligrams per Liter (mg/L) as N
NO23F: nitrite + nitrate measured in milligrams per Liter (mg/L) as N
CHLA_N: chlorophyll a measured in micrograms per Liter (ug/L)


Provisional Plus: A value of 0 in the provisional plus column indicates that the data have been through the automated flagging process (primary QAQC) ONLY and has not been checked by the Reserve.
  While a value of 1 in the provisional plus column indicates that the data have been through secondary QAQC at the Reserve using Excel macros (provided by the CDMO) to further QAQC the data.

Historical: A value of 0 in the historical column indicates that the data have not been through final QAQC by the CDMO. A value of 1 indicates that the data have been through
 final tertiary review at the CDMO and posted as the final authoritative data. 

isSWMP:  A value of P indicates that this is a primary SWMP station and will ultimately go through tertiary review by the CDMO.  A value of S indicates that this is a secondary SWMP station. 
 Secondary SWMP stations must follow all SWMP SOPs but do not go through tertiary review.

---FLAG CODES---

Each SWMP required parameter in the dataset is followed by a flag column (where the parameter header is preceded by a F_).  Flag values are defined as:   

-5         Outside High Sensor Range
-4         Outside Low Sensor Range
-3         Data Rejected due to QAQC
-2         Missing Data
-1         Optional SWMP supported parameter
 0         Passed Initial QAQC Checks
 1         Suspect Data
 2         Open - reserved for later flag
 3         Open - reserved for later flag
 4         Historical Data:  Pre-Auto QAQC
 5         Corrected Data


